{
  "parent": "item/generated",
  "textures": {
    "layer0": "taoism:weapon/sword"
  },
  "overrides": [
    {
      "predicate": {
        "type": 1
      },
      "model": "taoism:weapon/sabre"
    },

    {
      "predicate": {
        "type": 64
      },
      "model": "taoism:weapon/sword"
    },

    {
      "predicate": {
        "type": 128
      },
      "model": "taoism:weapon/macuahuitl"
    },

    {
      "predicate": {
        "type": 192
      },
      "model": "taoism:weapon/broadsabre"
    },
    {
      "predicate": {
        "type": 256
      },
      "model": "taoism:weapon/broadsword"
    },
    {
      "predicate": {
        "type": 320
      },
      "model": "taoism:weapon/doubleheadedhookblade"
    },
    {
      "predicate": {
        "type": 384
      },
      "model": "taoism:weapon/flambergeblade"
    },
    {
      "predicate": {
        "type": 448
      },
      "model": "taoism:weapon/singleheadedhookblade"
    },
    {
      "predicate": {
        "type": 512
      },
      "model": "taoism:weapon/longsabreblade"
    },
    {
      "predicate": {
        "type": 576
      },
      "model": "taoism:weapon/widesabreblade"
    },
    {
      "predicate": {
        "type": 640
      },
      "model": "taoism:weapon/longswordblade"
    },
    {
      "predicate": {
        "type": 704
      },
      "model": "taoism:weapon/largesabreblade"
    },
    {
      "predicate": {
        "type": 768
      },
      "model": "taoism:weapon/largeswordblade"
    },
    {
      "predicate": {
        "type": 832
      },
      "model": "taoism:weapon/sawtoothspearhead"
    },
    {
      "predicate": {
        "type": 896
      },
      "model": "taoism:weapon/spearhead"
    },
    {
      "predicate": {
        "type": 1024
      },
      "model": "taoism:weapon/crownspearhead"
    },
    {
      "predicate": {
        "type": 1
      },
      "model": "taoism:weapon/handle"
    },
    {
      "predicate": {
        "type": 65
      },
      "model": "taoism:weapon/convexhandle"
    },
    {
      "predicate": {
        "type": 129
      },
      "model": "taoism:weapon/shaft"
    },
    {
      "predicate": {
        "type": 193
      },
      "model": "taoism:weapon/longshaft"
    },
    {
      "predicate": {
        "type": 2
      },
      "model": "taoism:weapon/claws"
    },
    {
      "predicate": {
        "type": 66
      },
      "model": "taoism:weapon/sideblade"
    },
    {
      "predicate": {
        "type": 130
      },
      "model": "taoism:weapon/deerhornblade"
    },
    {
      "predicate": {
        "type": 194
      },
      "model": "taoism:weapon/skullguard"
    },
    {
      "predicate": {
        "type": 258
      },
      "model": "taoism:weapon/wideguard"
    },
    {
      "predicate": {
        "type": 322
      },
      "model": "taoism:weapon/taichiguard"
    },

  ]
}